id;cik;ccc;name;email;phone
1;bus 1080p Tonga;PCI;Refined;Jeramie_Nitzsche10@yahoo.com;848.634.5864 x9285
2;digital Home Berkshire;Denar Mexico Fish;Computers Sausages e-enable;Jessika3@hotmail.com;(643) 382-9447 x1844
3;Marketing;Practical Pants Monitored;Tugrik Comoros Configuration;Donny_Strosin84@yahoo.com;1-851-215-4135 x74924
4;compressing;Beauty;Wyoming;Ed.Metz17@hotmail.com;863-882-9283
5;Sleek Bike optimal;killer;Shirt;Blaze_Wolf18@gmail.com;(620) 388-8184
6;Investor bottom-line Operations;synthesize motivating Tasty;Grocery up Concrete;Jeffery.Hamill1@hotmail.com;900-617-3382
7;bus Small;Regional Tasty;Viaduct architectures withdrawal;Greyson.VonRueden94@gmail.com;251.982.3748 x41554
8;innovative AI;back-end Manager;Connecticut Cambridgeshire Agent;Icie_Fritsch@gmail.com;1-844-631-5867
9;USB contextually-based invoice;system transmit Soap;Bedfordshire red Ergonomic;Meghan.Beer@hotmail.com;(839) 475-4391 x7794
10;Mill Human Group;transmitter;Account Forward solutions;Dejon_Gibson@yahoo.com;1-982-203-7726
